date,algo_returns,sp_500_returns,algo_volume,sp_500_volume,algo_volatility,sp_500_volatility,risk_free_rate,market_condition,domestic_returns_algo,international_returns_algo,volatility_regime,geopolitical_event,economic_sentiment,key_market_sector,excess_return_algo,excess_return_sp_500,sharpe_algo,sharpe_sp_500
2015-01-01,0.002433906079914015,-0.014419025862088503,490151632.001504,64980325165.83682,0.03647619370020379,0.03541378029145999,0.001827193902801838,Bull,0.0020665341142135536,-0.021375924691955282,Not High,No Geopolitical Event,Not Positive,Not Tech,6.067121771121771e-4,-0.01624621976489034,0.016633099991153612,-0.4587541807505963
2015-02-01,-0.005656591863027241,-0.001207099579331199,567657516.9722904,99716464509.2285,0.039426353201068534,0.038278012816571394,0.0016471053533289037,Bull,-0.01166609030641486,0.11639435996907195,High,No Geopolitical Event,Not Positive,Not Tech,-0.007303697216356144,-0.0028542049326601027,-0.18524911951933204,-0.07456512819350054
2015-03-01,0.07503718369195159,0.07034833256596495,942557372.4110932,82567604690.81224,0.060008424899417406,0.0582606066984635,0.0016461260094193797,Bull,0.03573660055303232,-0.009335605563695554,Not High,No Geopolitical Event,Not Positive,Tech,0.07339105768253221,0.06870220655654558,1.2230125654113733,1.1792222987330725
2015-04-01,0.020198491813018096,0.010820335656983041,515505839.2686459,120189634202.05934,0.03288477270714282,0.03192696379334255,0.001403109979685846,Bull,-0.007686210623608438,0.011569742265201516,High,No Geopolitical Event,Not Positive,Not Tech,0.01879538183333225,0.009417225677297195,0.5715527366029126,0.2949615171130331
2015-05-01,0.064548749511082,0.01317150940643785,692917262.7223318,108371364203.27827,0.042754768577883955,0.04150948405619801,0.001780850736071038,Bull,0.0229336737696842,0.034991674686140714,Not High,No Geopolitical Event,Positive,Not Tech,0.06276789877501096,0.011390658670366812,1.4680911828740275,0.27441099135189106
2015-06-01,0.07806360144142206,0.07660259947533124,716171352.1168674,64834481091.165764,0.06419332676329294,0.062323618216789264,0.0016170842084970438,Bull,0.027904956426966623,0.007959254609040187,High,No Geopolitical Event,Not Positive,Tech,0.07644651723292502,0.0749855152668342,1.1908795055102006,1.2031637028197115
2015-07-01,0.04564437968526523,0.02643664823956809,766531717.7759807,86992164306.66725,0.04355895868111327,0.042290251146711914,0.0015440296408189003,Bull,0.03417734780611767,-0.016742695481084563,Not High,No Geopolitical Event,Positive,Not Tech,0.04410035004444633,0.02489261859874919,1.0124289326403895,0.5886136384575386
2015-08-01,-0.026543232392987143,-0.04260244938426136,364050344.06484145,44881682415.65438,0.03059264075063964,0.02970159296178606,0.0014201832892650756,Bull,0.026688524750296212,0.05081222655853221,High,No Geopolitical Event,Not Positive,Not Tech,-0.02796341568225222,-0.044022632673526435,-0.9140569429812152,-1.4821640283794126
2015-09-01,-0.024211246758343616,-0.019474114075741043,1094365529.421448,110519908096.91457,0.037751874816677154,0.036652305647259374,0.0016025063841293985,Bear,0.008242923874057497,0.07362181292828804,Not High,No Geopolitical Event,Not Positive,Not Tech,-0.025813753142473014,-0.02107662045987044,-0.6837740712964435,-0.5750421450347808
2015-10-01,0.003247359473529705,-0.009826478803998322,401019908.17210937,57180617931.43094,0.04959923778272024,0.04815459978904878,0.0015125105402249428,Bear,0.042627317197909236,0.007812241158006583,High,No Geopolitical Event,Not Positive,Not Tech,0.0017348489333047622,-0.011338989344223265,0.034977330516743586,-0.2354705343600832
2015-11-01,0.10035428906604543,0.056963271897578466,460170631.2536885,241078074099.81613,0.04073029042180133,0.03954397128330226,0.0015865766913072399,Bull,0.05767267533812491,0.03149069381612265,Not High,No Geopolitical Event,Positive,Not Tech,0.09876771237473819,0.055376695206271226,2.4249204057202522,1.4003827488529068
2015-12-01,0.04592263414387884,0.022392553082294552,978983291.9042675,31538521870.734535,0.038811673455437234,0.03768123636450217,0.0014520800683275326,Bull,0.04052357617850885,0.005103500059894793,Not High,No Geopolitical Event,Positive,Not Tech,0.04447055407555131,0.02094047301396702,1.145803571871527,0.5557268028947722
2016-01-01,0.039355516463620885,0.024030858023762088,926608730.5830523,57096369977.6728,0.04105665248847687,0.0398608276587154,0.0019273686245024901,Bull,-0.015973018026479515,0.049658208708086474,Not High,No Geopolitical Event,Positive,Not Tech,0.037428147839118395,0.022103489399259598,0.9116220044881431,0.5545165692119481
2016-02-01,0.018477371991012292,0.01242730863780479,281320195.3459438,108790508703.25311,0.045531115465533976,0.04420496647139221,0.0016489621536839305,Bull,0.050891523708058876,-0.03724669577039412,High,No Geopolitical Event,Not Positive,Not Tech,0.016828409837328362,0.010778346484120859,0.3696024062943744,0.2438265956178521
2016-03-01,-0.040798589820973306,-0.014233645390162999,313548465.12570083,92925717412.53943,0.061063640342802004,0.059285087711458254,0.0018273462813589436,Bull,0.02177888107627464,0.10183440895977902,High,Geopolitical Event,Not Positive,Not Tech,-0.04262593610233225,-0.016060991671521942,-0.6980575652390968,-0.270911156439392
2016-04-01,0.11660326974040665,0.07947652547212314,246029122.32250553,53623834556.29606,0.0436867793449695,0.04241434887861116,0.0012247659951436507,Bull,0.0333982855863858,-0.015141249911533502,High,No Geopolitical Event,Positive,Not Tech,0.115378503745263,0.07825175947697949,2.6410393596237656,1.8449360074095238
2016-05-01,0.013201217710673133,0.027914019129169576,531345802.6315675,43743533315.61367,0.05573123481036063,0.05410799496151517,0.001577376838863831,Bull,0.03534066471742121,-0.049353976577523696,High,No Geopolitical Event,Not Positive,Not Tech,0.011623840871809302,0.026336642290305745,0.2085695913855544,0.4867421590661035
2016-06-01,-0.04136573604763883,-0.07066468626518552,526846837.8291424,77398857182.98283,0.05109576739120083,0.04960754115650566,0.0015409589190942263,Bull,0.020966278535865898,-0.005036713087722789,High,Geopolitical Event,Not Positive,Not Tech,-0.04290669496673306,-0.07220564518427974,-0.8397309044843114,-1.4555376763480345
2016-07-01,0.08873630744689709,0.03605423606254742,582044430.4012609,71491635473.37329,0.04342850907628675,0.04216360104493859,0.001451206421877238,Bull,0.021394736047025475,0.014868339365800076,Not High,No Geopolitical Event,Positive,Not Tech,0.08728510102501985,0.034603029640670184,2.0098571855574034,0.8206848747048375
2016-08-01,-0.025289519528553347,-0.010911656309117362,639424337.6379906,29417612053.40103,0.02881010937022684,0.027970979971094018,0.0019043614398521758,Bull,0.043283141386618,0.07394484830720914,Not High,No Geopolitical Event,Not Positive,Not Tech,-0.027193880968405523,-0.012816017748969538,-0.943900650252596,-0.4581898010800467
2016-09-01,-0.006177261531979592,-0.03471294823947381,359079215.1075389,73259629251.84718,0.039231491629209046,0.0380888268244748,0.0014196490059255051,Bull,0.03713203844972488,0.045448387070852796,Not High,No Geopolitical Event,Not Positive,Not Tech,-0.007596910537905097,-0.036132597245399314,-0.19364317344102627,-0.9486403299295512
2016-10-01,0.008537053625618834,-7.189965863318055e-4,295196178.2947057,79189943987.15086,0.03955333433267371,0.03840129546861525,0.0017036768723639462,Bear,0.04270524492088462,0.014698337281831465,Not High,No Geopolitical Event,Not Positive,Not Tech,0.006833376753254888,-0.0024226734586957517,0.17276360813935374,-0.0630883262955481
2016-11-01,-0.049983061115199345,-0.03304017793228959,810686946.2781603,78578439999.2925,0.04508469065744373,0.04377154432761527,0.0017900110390347557,Bear,0.07055853390460655,-0.0465793409595264,High,No Geopolitical Event,Not Positive,Not Tech,-0.0517730721542341,-0.034830188971324345,-1.1483515002378326,-0.7957267559634659
2016-12-01,-0.036949002247280635,-0.02115564917164561,706285886.0944493,42488168194.69577,0.057991046379968256,0.05630198677666821,0.0016807407640424543,Bear,0.03618831727388174,-0.025641509786884543,High,Geopolitical Event,Not Positive,Not Tech,-0.03862974301132309,-0.022836389935688064,-0.6661328846907458,-0.40560540121386207
2017-01-01,-0.03453229418546214,-0.01700157071397027,228127839.95369965,91359365625.51482,0.06821771343046026,0.06623078973831094,0.0015082166955924237,Bear,0.02704762314770614,0.002468602710828235,High,Geopolitical Event,Not Positive,Not Tech,-0.03604051088105456,-0.018509787409562693,-0.5283160204100584,-0.2794740555366771
2017-02-01,-0.05558586287310259,-0.05946773242969653,462624503.096957,143454689328.87662,0.06053908490753282,0.05877581058983769,0.001805490417411404,Bear,-0.02131266221151242,0.11112104453842371,High,Geopolitical Event,Not Positive,Not Tech,-0.057391353290513994,-0.061273222847107935,-0.9480049686607146,-1.0424904774975923
2017-03-01,0.026776370079862992,0.041511481779780986,309982402.7847422,90454988708.52766,0.043227545067411874,0.041968490356710554,0.0016794969280813365,Bear,0.0767342800649223,-0.0654091029687366,Not High,No Geopolitical Event,Positive,Not Tech,0.025096873151781655,0.03983198485169965,0.5805759525007479,0.9490926290926429
2017-04-01,0.04239326017297716,0.01413492471346061,172278767.6130092,40810521491.82347,0.026506767825756332,0.025734726044423624,0.001477353549728333,Bull,0.013246463564073843,0.05424218607384085,Not High,No Geopolitical Event,Positive,Not Tech,0.04091590662324883,0.012657571163732277,1.5436022563072098,0.4918479078379389
2017-05-01,0.01897670133003553,-0.03752547748047791,522983287.0514747,57911236216.22377,0.04059456740006104,0.03941220135928256,0.0014241174296119041,Bull,0.07039469430190788,-0.012089370289356837,Not High,No Geopolitical Event,Not Positive,Not Tech,0.017552583900423625,-0.03894959491008981,0.43238750957590527,-0.9882623544679573
2017-06-01,0.046911987322093486,0.05815259684279707,466325359.7585941,85608619470.77748,0.04551783439765494,0.044192072230732946,0.001992472529411149,Bull,0.030392871360099754,0.07563963599949675,High,No Geopolitical Event,Positive,Tech,0.04491951479268234,0.05616012431338592,0.9868552708429507,1.2708189835535684
2017-07-01,0.0553133458085761,0.025058568859072542,462110855.0427042,52102417424.972565,0.05330263394189459,0.05175013004067436,0.001540463897917732,Bull,0.05366860397793587,-0.03656802559893619,High,No Geopolitical Event,Not Positive,Tech,0.05377288191065837,0.02351810496115481,1.0088222276084218,0.454454992531809
2017-08-01,0.026077985500327354,-0.0038028593196908454,540538417.8660275,24481335124.243755,0.054513038075387994,0.05292527968484271,0.001347374938115875,Bull,0.020705793576475225,0.014744929386509894,High,No Geopolitical Event,Not Positive,Tech,0.02473061056221148,-0.0051502342578067205,0.4536641404577497,-0.09731142260324603
2017-09-01,0.06494907802080324,0.04380502644180089,754248601.7687601,112040405885.3301,0.05164738712298959,0.05014309429416464,0.0017388172946439795,Bull,0.03312941509396251,-0.03498203766811003,High,No Geopolitical Event,Not Positive,Tech,0.06321026072615926,0.04206620914715691,1.2238810953908401,0.8389232802502243
2017-10-01,0.03745780733578153,0.04312533950132169,537693230.6479142,47560156254.772354,0.03022767419706548,0.02934725650200532,0.0017023420902588793,Bull,0.027179159592845236,0.045140657054467,Not High,No Geopolitical Event,Positive,Not Tech,0.03575546524552265,0.04142299741106281,1.1828718614743376,1.4114776762261354
2017-11-01,0.05297419113288632,0.040863243265499484,356477641.2866221,54052404391.20521,0.05335032337002356,0.05179643045633355,0.0014297311365520926,Bull,0.019177586012530088,0.06835117954952342,High,No Geopolitical Event,Not Positive,Tech,0.051544459996334224,0.03943351212894739,0.9661508448381025,0.7613171753638778
2017-12-01,0.044437703460598714,0.03554561016400364,335992828.53012586,152731956632.5159,0.03999946067079961,0.038834427835727776,0.0013330238021627139,Bull,0.020492123507550128,0.08702884025604607,Not High,No Geopolitical Event,Positive,Not Tech,0.043104679658436,0.03421258636184093,1.0776315214145689,0.880985977353972
2018-01-01,0.05591649680591315,0.030156706141503554,454222899.4534409,48894342683.83296,0.04639946781166093,0.045048027001612555,0.0016325442466851303,Bull,0.04315668671688509,0.04090402630358075,High,No Geopolitical Event,Positive,Tech,0.05428395255922802,0.028524161894818423,1.169926189230679,0.6331944769478441
2018-02-01,0.012574756454854553,0.005523531576931133,566511814.3997635,109903195030.52132,0.04536687712488947,0.04404551177173734,0.00183787397042523,Bull,0.018870837060570005,0.08273065018311285,Not High,No Geopolitical Event,Not Positive,Not Tech,0.010736882484429323,0.003685657606505903,0.23666787676110035,0.08367839215052274
2018-03-01,0.029800961184115748,-0.00423850654959667,288486781.15684253,38336127319.86445,0.04900911767919621,0.047581667649705055,0.0017556353338958886,Bull,-0.017853649888816003,0.05885695634646586,High,No Geopolitical Event,Not Positive,Tech,0.02804532585021986,-0.005994141883492558,0.5722471078503983,-0.12597586800910948
2018-04-01,-2.104571958355837e-4,-0.0072188400404953074,442453337.8116643,60307891240.64651,0.04485315232310924,0.0435467498282614,0.0015708671814691488,Bull,0.018982215023403443,0.0037250035270393923,Not High,No Geopolitical Event,Not Positive,Not Tech,-0.0017813243773047325,-0.008789707221964456,-0.039714586044534456,-0.201845310077769
2018-05-01,0.015765950154766135,-0.019788279156820507,786917230.6064601,69404808613.0807,0.02742400649486767,0.026625249024143368,0.0015149484550449621,Bull,0.033695812110725476,0.028081489531388004,Not High,No Geopolitical Event,Not Positive,Not Tech,0.014251001699721173,-0.02130322761186547,0.5196542562950534,-0.8001137413793963
2018-06-01,-0.006800231254105263,-3.1669112078395144e-4,459596714.0757553,40141409238.7123,0.05218490843716645,0.05066495964773442,0.0016959356034740303,Bull,0.0352291143270288,-0.029879768459037337,High,Geopolitical Event,Not Positive,Not Tech,-0.008496166857579293,-0.0020126267242579817,-0.16280888693728673,-0.03972423422916868
2018-07-01,-0.05331895895789282,-0.04261585406273058,342160220.4605602,52423765605.58232,0.04857507365400166,0.04716026568349676,0.0016773314563323094,Bear,0.03523135634954868,0.0015919132239602465,High,Geopolitical Event,Not Positive,Not Tech,-0.05499629041422513,-0.04429318551906289,-1.1321916011072168,-0.939205597702195
2018-08-01,0.1740790373123886,0.09475823861354052,422638353.8064154,70973983945.52528,0.04186278825963431,0.040643483747217775,0.0017545870363577798,Bull,-0.010942030417381624,0.057838548333952876,Not High,No Geopolitical Event,Positive,Not Tech,0.17232445027603083,0.09300365157718274,4.116411195720391,2.288279522385904
2018-09-01,0.06248132816899099,0.05631847993219962,847095733.4045643,100693590416.9855,0.04581588846378081,0.044481445110466804,0.0015867785681131785,Bull,0.03027484116022388,0.030651365739294,Not High,No Geopolitical Event,Positive,Tech,0.06089454960087781,0.05473170136408644,1.3291142361894226,1.2304389218507579
2018-10-01,-0.016459791497319663,-0.03692434332813397,638748902.0694606,31546444589.609745,0.04597959804729517,0.04464038645368463,0.0017986584476106238,Bull,0.04225718419894127,0.027294293265013196,Not High,Geopolitical Event,Not Positive,Not Tech,-0.018258449944930286,-0.038723001775744594,-0.3970989464968664,-0.8674432470677769
2018-11-01,0.01911600006871394,-0.008115393411963039,900389405.0951092,60452446242.598465,0.04687550052617832,0.04551019468561002,0.0015155019436177142,Bull,0.04843157362935313,-0.03252524158748821,High,No Geopolitical Event,Not Positive,Not Tech,0.017600498125096224,-0.009630895355580753,0.3754732840722835,-0.21162061428460488
2018-12-01,-0.005841826659103624,-0.010666214144928753,520108982.12008774,105102638510.12297,0.061499715509568106,0.05970846165977486,0.0015974654497179497,Bear,0.018400774579117683,-0.01518052921336467,High,Geopolitical Event,Not Positive,Not Tech,-0.007439292108821573,-0.012263679594646703,-0.1209646588960915,-0.2053926571501113
2019-01-01,0.06403584561972489,0.03919860473345271,595634360.8400972,54999801881.13461,0.042342781096985194,0.04110949621066524,0.0017727486996987896,Bull,0.016462148276343975,-0.02158424055014275,Not High,No Geopolitical Event,Positive,Not Tech,0.0622630969200261,0.037425856033753924,1.4704536477519952,0.9103944218135261
2019-02-01,0.026544527888828547,0.004665237341126829,366962985.4419176,80671078157.00954,0.046330073454011966,0.04498065383884657,0.0018134645546679096,Bull,0.05265675663756079,0.02481183480053996,Not High,No Geopolitical Event,Not Positive,Tech,0.024731063334160638,0.0028517727864589195,0.5338015135829456,0.0633999851730934
2019-03-01,0.028325130406956327,0.018132740559790195,656665513.191289,92097559826.66711,0.05663335389261166,0.05498383873069093,0.0013337549583258834,Bull,-0.010458560915586394,-0.030620305218662353,High,No Geopolitical Event,Not Positive,Tech,0.026991375448630443,0.01679898560146431,0.4765985694545227,0.3055258779537966
2019-04-01,0.022663990456558182,0.006858129786051879,376652371.64799726,82323093577.3469,0.05545706454078227,0.05384181023376919,0.0016691233115995185,Bull,0.014163400461737502,0.031481655603962086,High,No Geopolitical Event,Not Positive,Not Tech,0.020994867144958664,0.0051890064744523606,0.3785787675350065,0.09637503739051206
2019-05-01,0.02010383663357808,0.006285181708347356,238461218.13068235,99819444877.35057,0.05639521003691768,0.05475263110380357,0.0017511648146080194,Bull,0.03204924158714909,-0.03565665647734168,High,No Geopolitical Event,Not Positive,Not Tech,0.01835267181897006,0.004534016893739337,0.3254296208304917,0.08280911441759675
2019-06-01,0.11981312934090194,0.0627440913605783,517229107.79035765,67719883203.414276,0.03865107958908656,0.03752531998940443,0.0014138168095232384,Bull,-0.009455475307624524,0.08214121832541457,Not High,No Geopolitical Event,Positive,Not Tech,0.1183993125313787,0.06133027455105507,3.0632860398758353,1.6343704615542827
2019-07-01,-0.0013575613518272724,-0.0010308394263707048,1283588629.4925096,58550867495.74455,0.06522457212201614,0.0633248273029283,0.0017302106443168874,Bull,0.02849255724863515,0.02742365397912415,High,Geopolitical Event,Not Positive,Not Tech,-0.00308777199614416,-0.002761050070687592,-0.04734062479348794,-0.0436013833481061
2019-08-01,0.0612388988356883,0.06865882417718158,724112387.5941992,19204789230.914406,0.045286018970580884,0.04396700870930183,0.001515934224199711,Bull,0.06045728042104387,-0.019040144490130785,Not High,No Geopolitical Event,Positive,Tech,0.05972296461148859,0.06714288995298187,1.3187947620276883,1.5271198092395326
2019-09-01,-0.03869434418578727,-0.05395011216920885,868802769.5904096,68735352122.77837,0.06382757400048068,0.06196851844706862,0.001818411731641767,Bull,0.022818786931273188,0.01864183730004893,High,Geopolitical Event,Not Positive,Not Tech,-0.04051275591742904,-0.05576852390085062,-0.6347218510470716,-0.8999492855148082
2019-10-01,0.0520941649743055,0.03138454998544277,580515965.3884904,89288840282.62254,0.03068470233388367,0.02979097313969288,0.0017396712589370367,Bull,0.017330919500728275,-0.005098127969118247,Not High,No Geopolitical Event,Positive,Not Tech,0.050354493715368466,0.02964487872650573,1.6410292388518424,0.9950960174244023
2019-11-01,0.03618463933198821,0.012954169753784552,357884694.7715717,94107108290.41023,0.044815130939448646,0.04350983586354237,0.0017773640727902773,Bull,0.03239823428068109,0.02384591839038628,Not High,No Geopolitical Event,Positive,Not Tech,0.034407275259197935,0.011176805680994275,0.7677602304830228,0.2568799780364032
2019-12-01,0.021970356095536797,0.01663766274975891,438504035.3886382,54548760371.76588,0.05747312008098292,0.055799145709692154,0.0016713371173835423,Bull,0.017318556584253866,0.018741308750412015,High,No Geopolitical Event,Not Positive,Not Tech,0.020299018978153255,0.014966325632375366,0.35319152587419606,0.2682178273882741
2020-01-01,0.016419056630971464,0.023185579310395284,423208679.11085236,175297690615.46146,0.0372320054716052,0.036147578127772036,0.0017928238041200473,Bull,0.03916800748158129,-0.03156456690645898,Not High,No Geopolitical Event,Not Positive,Not Tech,0.014626232826851417,0.021392755506275236,0.3928403168614175,0.5918171178898226
2020-02-01,0.027670765397417717,-0.01209293812437209,383806896.399541,83091829262.36505,0.03684630362735725,0.03577311031782258,0.0018772482864912732,Bull,0.04098870928899391,-0.0226525551527788,Not High,No Geopolitical Event,Not Positive,Not Tech,0.025793517110926444,-0.013970186410863363,0.7000299778177898,-0.3905219950612808
2020-03-01,0.002178696894152102,-0.005328295346776804,689918230.4678977,76699262449.42955,0.03493205135284899,0.03391461296393106,0.001972827017520329,Bull,0.02295383322460242,0.020983747389582544,Not High,No Geopolitical Event,Not Positive,Not Tech,2.0586987663177327e-4,-0.0073011223642971326,0.005893437936188735,-0.21527954254002657
2020-04-01,-0.03555327257735103,-0.03274301532428355,266615538.7295208,136028925794.71686,0.03375811322281101,0.03277486720661263,0.0016469338056275262,Bear,-6.338431549945435e-4,0.07456207635006246,Not High,No Geopolitical Event,Not Positive,Not Tech,-0.03720020638297856,-0.03438994912991108,-1.101963434314263,-1.0492780615438342
2020-05-01,-0.02509724043784504,-0.03487164905902311,748201635.7002176,50274653945.05532,0.040096256808241894,0.03892840466819601,0.0012827362439922219,Bear,-0.003464414549181758,0.05238468034683689,Not High,No Geopolitical Event,Not Positive,Not Tech,-0.026379976681837263,-0.03615438530301533,-0.6579161942222693,-0.9287404816913287
2020-06-01,0.03069762776919928,0.020141145656170322,747373967.0893033,57487345831.677284,0.048010145481477515,0.04661179172958982,0.0016567409714811632,Bear,0.011040052686893662,-0.015982698944723754,High,No Geopolitical Event,Not Positive,Tech,0.029040886797718116,0.01848440468468916,0.6048906227314431,0.39656069845851905
2020-07-01,0.06262679693944986,0.02592839114517705,266447776.15324858,238760367637.6836,0.02385263187141658,0.023157895020792796,0.0016852189950473662,Bull,0.03884761001099671,0.042036916065899765,Not High,No Geopolitical Event,Positive,Not Tech,0.0609415779444025,0.024243172150129683,2.5549204914964063,1.0468642391012848
2020-08-01,0.026314914913164095,0.010120169069220166,667964775.5849091,72406694215.97873,0.04678239846373461,0.04541980433372292,0.0016261526025613815,Bull,-0.0162641034931385,0.007057265889748457,High,No Geopolitical Event,Positive,Tech,0.024688762310602713,0.008494016466658785,0.5277361384055859,0.18701129587104404
2020-09-01,0.07447177441887994,0.044890698715189505,1635334694.0255182,162962216570.7893,0.057336752978090676,0.0556667504641657,0.0017445448131103714,Bull,-0.01482650317465092,0.021052546068736182,High,No Geopolitical Event,Not Positive,Tech,0.07272722960576956,0.04314615390207913,1.2684225357784011,0.7750794422579698
2020-10-01,0.09451754708164058,0.09000338742508579,367190835.65374523,35074726928.43162,0.06558601238787648,0.06367574018240435,0.001816847452249748,Bull,0.009824403504797942,0.01941445962946233,High,No Geopolitical Event,Not Positive,Tech,0.09270069962939083,0.08818653997283604,1.4134217991659221,1.384931525259361
2020-11-01,0.007147659549370615,-0.011641246642261412,740215650.0569031,65462388872.691216,0.05800111271966605,0.05631175992200587,0.001566764373843288,Bull,0.03078789695961169,0.11201799054893564,High,No Geopolitical Event,Not Positive,Not Tech,0.005580895175527327,-0.0132080110161047,0.09622048463968606,-0.23455155786994306
2020-12-01,-0.0763604732554492,-0.08436675502563251,328122993.8105525,87003305733.7178,0.052393780067098404,0.050867747637959614,0.0016034344168929238,Bull,0.004628679036700157,-0.038411552423488975,High,Geopolitical Event,Not Positive,Not Tech,-0.07796390767234213,-0.08597018944252544,-1.4880374649910197,-1.6900726577162408
2021-01-01,0.06462121154196168,0.04822954097849026,845429811.8695772,83659370012.658,0.0268136768891224,0.026032696008856698,0.0017166722937362877,Bear,0.040634980741921185,0.013036794360514274,Not High,No Geopolitical Event,Positive,Not Tech,0.0629045392482254,0.046512868684753975,2.345987068776237,1.786709631185707
2021-02-01,-0.02377529766284654,-0.020368030503295706,549716011.417859,43550275672.357635,0.038403480907530145,0.03728493291993218,0.001561482414030646,Bear,0.02956739940310365,-0.062199091518704626,Not High,No Geopolitical Event,Not Positive,Not Tech,-0.025336780076877185,-0.021929512917326352,-0.6597521755354514,-0.588160181605236
2021-03-01,-0.031236375325253758,-0.01952034465869432,1108149889.8960218,72701629648.87325,0.04097292149719904,0.03977953543417383,0.001666517678000634,Bull,0.019487207635227804,0.03259343691835034,Not High,No Geopolitical Event,Not Positive,Not Tech,-0.03290289300325439,-0.021186862336694954,-0.8030399542171693,-0.5326070831509443
2021-04-01,0.10346712248282729,0.049022854787867956,233925824.9625971,42014879800.190254,0.051845296198396014,0.050335239027568944,0.0013299440136917973,Bull,0.039276562730635595,0.0528643388688562,High,No Geopolitical Event,Not Positive,Tech,0.10213717846913549,0.04769291077417616,1.9700375146529765,0.9475053997072396
2021-05-01,0.023123256191408,-0.003390920282040355,472879452.6213504,102830893229.95267,0.04351058525976113,0.042243286659962256,0.0014681041951911666,Bull,0.030667303256387356,0.06682648964404612,Not High,No Geopolitical Event,Not Positive,Not Tech,0.021655151996216832,-0.004859024477231522,0.4976984765186245,-0.1150247734354641
2021-06-01,-0.051354135722680314,-0.04082870849018143,372794322.73223364,123856261029.46489,0.03163491913098023,0.030713513719398282,0.0014340097382514738,Bull,0.013981299455756878,-0.06800581007348484,Not High,No Geopolitical Event,Not Positive,Not Tech,-0.05278814546093179,-0.0422627182284329,-1.6686669955554303,-1.3760300633313824
2021-07-01,0.017528820856357593,0.01525213918996601,439596388.68681467,23670754878.72903,0.06194868779336938,0.060144357080941145,0.0015117626478267088,Bear,0.0275222986883632,0.02551077988776121,High,No Geopolitical Event,Not Positive,Not Tech,0.016017058208530884,0.0137403765421393,0.25855363170816437,0.22845662018878612
2021-08-01,-0.006765256189507995,0.002444345502438215,354142746.5486091,133564017428.78319,0.05398633030549842,0.052413912917959625,0.0015380383865504221,Bear,0.035850267159551835,0.07273479805534606,High,No Geopolitical Event,Not Positive,Not Tech,-0.008303294576058417,9.063071158877927e-4,-0.15380364861015086,0.017291346236759337
2021-09-01,0.06670677441366987,0.008230567435995477,319759020.693382,38714411258.14111,0.04704453180665757,0.04567430272491026,0.001714131146065112,Bull,0.03002566689724094,-0.007560634521692118,Not High,No Geopolitical Event,Not Positive,Tech,0.06499264326760476,0.006516436289930365,1.3815132337741163,0.14267182860300948
2021-10-01,0.06415947557372342,0.02341121604505322,647974037.0987366,90388658236.80788,0.05714551868635585,0.05548108610325811,0.0018121806232569426,Bull,0.009739795841010424,5.13978716722022e-4,High,No Geopolitical Event,Not Positive,Tech,0.06234729495046648,0.021599035421796278,1.0910268448635607,0.389304480838703
2021-11-01,0.002370697594376567,-0.006826401271696375,281659553.63329124,100151644477.80983,0.030809624841479782,0.029912257127650273,0.0015324535946708018,Bull,0.04000404410128383,0.007538511111810349,Not High,No Geopolitical Event,Not Positive,Not Tech,8.38243999705765e-4,-0.008358854866367177,0.027207212162389454,-0.27944580814131953
2021-12-01,0.0591389431253951,0.03377506194075332,1018926506.8587677,65156316301.059296,0.051405449067234946,0.049908202977898004,0.0014882837599712317,Bull,0.04595872451117232,0.023600750057321422,High,No Geopolitical Event,Not Positive,Tech,0.05765065936542387,0.032286778180782086,1.12148926643984,0.6469232762213535
2022-01-01,0.0053937385688727826,-8.194624727500249e-4,268106998.6104591,52152764188.930595,0.03921300252397175,0.03807087623686578,0.001480929771583872,Bull,0.028425491130866735,0.035606395029838755,Not High,No Geopolitical Event,Not Positive,Not Tech,0.0039128087972889105,-0.002300392244333897,0.09978345307521214,-0.060423937448183064
2022-02-01,0.02624634066431631,0.021271278556627877,510315426.4304209,78209777654.06422,0.05164157887506234,0.050137455218507126,0.0015837008673407205,Bull,0.02578209324924374,0.06171283534845928,High,No Geopolitical Event,Not Positive,Tech,0.02466263979697559,0.019687577689287156,0.4775733107742984,0.39267205731694027
2022-03-01,0.05060150376896906,0.05187356052597391,633325232.3947535,89670649970.58566,0.043972533867001236,0.042691780453399254,0.0016124513524069517,Bull,0.02138749838440324,0.005180496382200304,Not High,No Geopolitical Event,Positive,Not Tech,0.04898905241656211,0.05026110917356696,1.1140829992816372,1.1773017812745032
2022-04-01,0.028014914284161897,0.025407259633352115,650575341.1286569,111987311312.89545,0.05111849534422395,0.04962960713031451,0.001730699905880373,Bull,0.06612831692605575,0.01685112181889875,Not High,No Geopolitical Event,Not Positive,Tech,0.026284214378281524,0.023676559727471742,0.5141820822637235,0.477065225708985
2022-05-01,0.04248088592548474,-0.0050372634212490705,417221021.97596526,25804932894.234356,0.058354831435111734,0.056655176150593914,0.0015989753351439706,Bull,0.02842631064271586,0.10851991508885847,High,No Geopolitical Event,Not Positive,Tech,0.04088191059034077,-0.006636238756393041,0.7005745640067496,-0.11713384737792354
2022-06-01,0.06737174223633495,0.05395230473804375,504839440.79383564,31770701512.938995,0.044674087930264055,0.04337290090316898,0.0013107608624343126,Bull,0.01973411942600112,0.02624395712459965,Not High,No Geopolitical Event,Positive,Not Tech,0.06606098137390064,0.05264154387560944,1.478731507110372,1.2136966349825877
2022-07-01,0.06462505896703646,0.04774015423848478,784558797.1578583,147221069854.1479,0.05507985396060655,0.05347558636952092,0.001636615155966581,Bull,-0.027258356043945085,0.016550124373193333,High,No Geopolitical Event,Not Positive,Tech,0.06298844381106988,0.0461035390825182,1.1435840744261887,0.8621418148449792
2022-08-01,0.049309626972304635,0.0299358783803228,234218978.54152548,121516321441.34908,0.032358129437975815,0.03141565964852021,0.001845679456987659,Bull,-0.008405635300610653,-0.04468972501133795,Not High,No Geopolitical Event,Positive,Not Tech,0.047463947515316976,0.02809019892333514,1.4668322409147925,0.8941463982488203
2022-09-01,0.0566987869741644,0.017549269404457647,328198820.98093206,89512531971.57669,0.03716647426350904,0.036083955595639844,0.0018464004238114562,Bull,0.021346535987788705,0.009114241904889063,Not High,No Geopolitical Event,Positive,Not Tech,0.05485238655035295,0.01570286898064619,1.475856605645491,0.4351759312813151
2022-10-01,-0.012937519660470463,-0.017116243041574858,569461170.7104963,102958229445.1796,0.060246942427298236,0.05849217711388178,0.00152236118160598,Bull,0.02702588089686196,1.4695387332475628e-4,High,Geopolitical Event,Not Positive,Not Tech,-0.014459880842076443,-0.018638604223180838,-0.2400102023355892,-0.31865123069179435
2022-11-01,0.05707595493335956,0.062426097941200305,388424359.8330767,113900085586.87897,0.04848609612214647,0.04707387973023929,0.0013979058953537127,Bull,0.028437449177232288,0.008558166807625047,Not High,No Geopolitical Event,Not Positive,Tech,0.05567804903800585,0.06102819204584659,1.1483302119795613,1.2964342942534932
2022-12-01,0.03200355516217872,-0.016010383485885078,962458972.2515157,19034873874.246815,0.023461104949532584,0.0227777717956627,0.002053002534396109,Bull,0.03933013560897236,-0.014016705650846664,Not High,No Geopolitical Event,Not Positive,Not Tech,0.02995055262778261,-0.018063386020281187,1.2766045202137555,-0.7930269116016335
2023-01-01,0.10117005538255737,0.09549331972066308,679336355.4213601,125445664342.34677,0.030549414243551534,0.029659625479176246,0.001624994055543505,Bull,0.019016951813590866,-0.018472626097708028,Not High,No Geopolitical Event,Positive,Not Tech,0.09954506132701386,0.09386832566511957,3.258493290031777,3.1648520218511753
2023-02-01,0.0693431056486101,0.06930442504740758,502991272.09183615,56499984554.03381,0.04253095553943206,0.04129218984410879,0.0016356301992135336,Bull,0.04719177588965124,-0.01983094527280488,Not High,No Geopolitical Event,Positive,Not Tech,0.06770747544939656,0.06766879484819405,1.591957542233501,1.6387795150527344
2023-03-01,-0.011653476741684933,-0.0014280143640190753,228288637.7304865,80805301691.57242,0.053516527864645225,0.05195779404334488,0.0017203900697795316,Bull,0.00446967914260844,4.1981938400903127e-4,High,Geopolitical Event,Not Positive,Not Tech,-0.013373866811464465,-0.003148404433798607,-0.24990161628739896,-0.060595421567976995
2023-04-01,-0.04425115045862717,-0.03305683601227123,491538149.3078255,62125421096.7919,0.04354960246613321,0.042281167442847774,0.00138702983150929,Bull,-0.00126885440886133,0.06372530592114507,Not High,No Geopolitical Event,Not Positive,Not Tech,-0.04563818029013646,-0.03444386584378052,-1.0479585967662381,-0.8146384768192346
2023-05-01,-0.01739573213393178,-0.02041626254797204,414172066.86968434,111354258816.92174,0.051028130961812725,0.049541874720206526,0.001532316657007815,Bear,-0.0016797235510762863,0.05096346506237311,High,No Geopolitical Event,Not Positive,Not Tech,-0.018928048790939594,-0.021948579204979855,-0.37093360924985747,-0.4430308568042085
2023-06-01,0.045135064709591756,0.01827534836626118,460962265.1349822,60491202338.830605,0.054476755391214604,0.052890053777878254,0.0013991096043568518,Bear,0.03774594048373036,-0.005399004717722261,High,No Geopolitical Event,Not Positive,Tech,0.043735955105234904,0.01687623876190433,0.8028370043544873,0.3190815201810774
2023-07-01,0.03482928764009942,-0.0018676751384949439,268730717.6282626,93315483313.47452,0.06181086473728828,0.060010548288629395,0.0015380727857210452,Bull,0.02124160115321548,-0.058436658181549604,High,No Geopolitical Event,Not Positive,Tech,0.03329121485437837,-0.003405747924215989,0.5385981088579558,-0.056752488043194556
2023-08-01,0.022750063100802433,-0.005901703975909327,622546586.9115205,59227838348.50734,0.04517597235273211,0.04386016733274962,0.001671031140029422,Bull,0.038696358436409985,-0.02478333714143814,Not High,No Geopolitical Event,Not Positive,Not Tech,0.02107903196077301,-0.007572735115938749,0.4665983013312654,-0.17265632067674125
2023-09-01,-0.02283788863250568,-0.03006474269060063,288591219.63511753,41693304755.95294,0.04406358636633674,0.04278018093819101,0.00142794686125014,Bull,0.017545871568858305,-0.009310421329620315,Not High,No Geopolitical Event,Not Positive,Not Tech,-0.02426583549375582,-0.03149268955185077,-0.550700419435087,-0.736151387422871
2023-10-01,0.021893889755335204,0.00619889100764319,433277522.0920529,131859823912.76599,0.026540655200834623,0.025767626408577302,0.0017480917564745013,Bull,0.011062157955743748,0.013145520169132164,Not High,No Geopolitical Event,Not Positive,Not Tech,0.020145797998860702,0.004450799251168688,0.7590542828131529,0.1727283367352433
2023-11-01,-0.02298810805188443,-0.023396178778283032,587104223.4313308,104290906133.60922,0.04562207421910462,0.04429327594087827,0.0016989255124619795,Bear,0.015532948497469879,-0.01750429102803258,High,Geopolitical Event,Not Positive,Not Tech,-0.02468703356434641,-0.02509510429074501,-0.5411203674296885,-0.5665669056459366
2023-12-01,-0.058562040695005674,-0.05871767746352547,327907497.0859184,170522164037.83063,0.03870894440367569,0.03758149942104436,0.001503469335561336,Bear,-0.01415233648483458,0.0892672276332756,Not High,No Geopolitical Event,Not Positive,Not Tech,-0.06006551003056701,-0.06022114679908681,-1.5517217262288185,-1.602414691452279
2024-01-01,0.024983949168027902,-0.0072090608115104975,649358624.9315491,74389226730.38304,0.03456670129711786,0.03355990417195909,0.0016886160469760103,Bear,-4.923052082822961e-4,-0.001890701376734043,Not High,No Geopolitical Event,Not Positive,Not Tech,0.023295333121051892,-0.008897676858486508,0.6739241017190793,-0.2651281962217563
2024-02-01,0.03894801279035975,0.04475986436243064,251196183.45089146,126372707404.78786,0.042745965820210334,0.04150093768952459,0.0017739364308362315,Bull,-0.005940692927169002,-0.03955777880958039,Not High,No Geopolitical Event,Positive,Not Tech,0.037174076359523515,0.042985927931594406,0.8696511038229384,1.0357820889055394
2024-03-01,0.03859200080551361,-0.015013878504335675,119056968.15548818,193338722611.99588,0.05505291467925967,0.053449431727436575,0.0018250838433171435,Bull,0.04398644543950697,0.0033495297086994693,High,No Geopolitical Event,Not Positive,Tech,0.036766916962196465,-0.01683896234765282,0.6678468738013581,-0.31504474048522146
2024-04-01,0.0450121810096843,0.032318572889001335,612147604.605864,62551680654.83341,0.0240736905665076,0.023372515113114174,0.001616738065362222,Bull,0.010953398172743998,-0.031215103263736554,Not High,No Geopolitical Event,Positive,Not Tech,0.04339544294432208,0.030701834823639113,1.8026086538096393,1.3135871203870781
2024-05-01,-0.03792453179898223,-0.056715308331566565,738602107.3010136,37160954754.12467,0.04019802334178409,0.03902720712794571,0.0016362546129933264,Bull,0.03868919705580359,0.015246228291013058,Not High,No Geopolitical Event,Not Positive,Not Tech,-0.03956078641197556,-0.05835156294455989,-0.9841475556051497,-1.4951508764965362
2024-06-01,0.005506967284226954,0.005777521379018422,420551409.61513686,63883325432.63136,0.04580036402090188,0.044466372835827064,0.0016373878182764923,Bull,0.05322981203383917,0.018345344563594775,High,No Geopolitical Event,Not Positive,Not Tech,0.003869579465950462,0.00414013356074193,0.08448796311279326,0.09310706713200087
2024-07-01,0.031788514362473104,0.028776288157738493,624251023.8779914,64696916572.02278,0.03539896202843398,0.034367924299450466,0.001887198200473783,Bear,0.019064503817801157,0.023223504465135377,Not High,No Geopolitical Event,Positive,Not Tech,0.02990131616199932,0.02688908995726471,0.8446947155676848,0.7823891173344635
2024-08-01,0.008205811840563744,0.020046134486668577,272198391.10582525,77678181635.42285,0.048038200307742016,0.04663902942499225,0.0018355342775893124,Bull,0.028577578127047025,-0.055874330364968576,High,No Geopolitical Event,Not Positive,Not Tech,0.0063702775629744315,0.018210600209079265,0.13260858071628828,0.39045838718334974
2024-09-01,0.02306853999850319,0.012227047765957733,455281149.2775141,169505716465.71014,0.048836728182342026,0.047414299206157307,0.0017880443047701977,Bull,-0.01212135038792157,0.017828451638825953,High,No Geopolitical Event,Not Positive,Not Tech,0.02128049569373299,0.010439003461187535,0.4357477760237717,0.2201657229140678
2024-10-01,0.005251407766274221,-0.017628240332215057,183778320.98305506,61170326865.60908,0.044258727559457284,0.04296963840724008,0.0016045404986229084,Bull,0.006526604449603946,0.021418003221665836,High,No Geopolitical Event,Not Positive,Not Tech,0.0036468672676513124,-0.019232780830837966,0.08239882772843168,-0.44759000875365473
2024-11-01,-0.00500208695811569,-0.02598817384134329,875749321.8872377,86767878599.27463,0.01920024860427172,0.018641018062399727,0.0017126487085252773,Bull,0.024024296987656773,-0.04784433790017951,Not High,No Geopolitical Event,Not Positive,Not Tech,-0.006714735666640968,-0.027700822549868567,-0.34972128773098576,-1.4860144685843697
2024-12-01,-0.03409588136529156,-0.03296515162419653,1229600836.8450449,64257094030.46665,0.07108501890242637,0.06901458145866637,0.001717563338575978,Bear,0.028881738066723048,0.04721462558921645,High,Geopolitical Event,Not Positive,Not Tech,-0.03581344470386754,-0.03468271496277251,-0.5038114254851117,-0.5025418430385524
